{"cameraMode":{"drawMode":0,"name":"Shaded","section":"Shading Mode"},"sceneLighting":false,"audioPlay":false,"sceneViewState":{"m_AlwaysRefresh":false,"showFog":true,"showSkybox":true,"showFlares":true,"showImageEffects":true,"showParticleSystems":true,"showVisualEffectGraphs":true,"m_FxEnabled":true},"in2DMode":false,"pivot":{"x":-11.024101257324219,"y":62.13433837890625,"z":-45.60794448852539},"rotation":{"x":0.06024402379989624,"y":-0.03231407701969147,"z":0.0020032173488289119,"w":0.9977109432220459},"size":19.24519157409668,"orthographic":false}