{"cameraMode":{"drawMode":0,"name":"Shaded","section":"Shading Mode"},"sceneLighting":false,"audioPlay":false,"sceneViewState":{"m_AlwaysRefresh":false,"showFog":true,"showSkybox":true,"showFlares":true,"showImageEffects":true,"showParticleSystems":true,"showVisualEffectGraphs":true,"m_FxEnabled":true},"in2DMode":false,"pivot":{"x":1028.5521240234375,"y":698.697021484375,"z":-24.132198333740236},"rotation":{"x":-0.023688597604632379,"y":-0.003881109179928899,"z":-0.0000067810578912030909,"w":0.9997749328613281},"size":1335.220947265625,"orthographic":false}