{"cameraMode":{"drawMode":0,"name":"Shaded","section":"Shading Mode"},"sceneLighting":false,"audioPlay":false,"sceneViewState":{"m_AlwaysRefresh":false,"showFog":true,"showSkybox":true,"showFlares":true,"showImageEffects":true,"showParticleSystems":true,"showVisualEffectGraphs":true,"m_FxEnabled":true},"in2DMode":false,"pivot":{"x":628.9026489257813,"y":452.1179504394531,"z":-46.06804656982422},"rotation":{"x":-0.023688597604632379,"y":-0.003881109179928899,"z":-0.0000067810578912030909,"w":0.9997749328613281},"size":1001.4856567382813,"orthographic":false}